{
  "Right Option Key Sends" : 0,
  "Tags" : [

  ],
  "Ansi 12 Color" : {
    "Red Component" : 0.21806642413139343,
    "Color Space" : "sRGB",
    "Blue Component" : 0.999664306640625,
    "Alpha Component" : 1,
    "Green Component" : 0.55522632598876953
  },
  "Ansi 2 Color" : {
    "Red Component" : 0.323028564453125,
    "Color Space" : "sRGB",
    "Blue Component" : 0.81387829780578613,
    "Alpha Component" : 1,
    "Green Component" : 1
  },
  "Draw Powerline Glyphs" : true,
  "Bold Color" : {
    "Red Component" : 0.93333333730697632,
    "Color Space" : "sRGB",
    "Blue Component" : 0.93333333730697632,
    "Alpha Component" : 1,
    "Green Component" : 0.93333333730697632
  },
  "Ansi 7 Color" : {
    "Red Component" : 0.085974723100662231,
    "Color Space" : "sRGB",
    "Blue Component" : 0.63606619834899902,
    "Alpha Component" : 1,
    "Green Component" : 0.991455078125
  },
  "Ansi 8 Color" : {
    "Red Component" : 0.38642877340316772,
    "Color Space" : "sRGB",
    "Blue Component" : 0.426361083984375,
    "Alpha Component" : 1,
    "Green Component" : 0.4084809422492981
  },
  "Ansi 9 Color" : {
    "Red Component" : 1,
    "Color Space" : "sRGB",
    "Blue Component" : 0.69156563282012939,
    "Alpha Component" : 1,
    "Green Component" : 0.330322265625
  },
  "Rows" : 36,
  "Default Bookmark" : "No",
  "Link Color" : {
    "Red Component" : 0.54852491617202759,
    "Color Space" : "sRGB",
    "Blue Component" : 0.987884521484375,
    "Alpha Component" : 1,
    "Green Component" : 0.65922969579696655
  },
  "Guid" : "29F490CD-7736-4B66-A820-3B0BF7E1AF61",
  "Cursor Guide Color" : {
    "Red Component" : 0.70213186740875244,
    "Color Space" : "sRGB",
    "Blue Component" : 1,
    "Alpha Component" : 0.25,
    "Green Component" : 0.9268307089805603
  },
  "Non-ASCII Anti Aliased" : true,
  "Use Bright Bold" : true,
  "Ansi 10 Color" : {
    "Red Component" : 0.453125,
    "Color Space" : "sRGB",
    "Blue Component" : 0.8482658863067627,
    "Alpha Component" : 1,
    "Green Component" : 1
  },
  "Icon" : 0,
  "Ambiguous Double Width" : false,
  "Jobs to Ignore" : [
    "rlogin",
    "ssh",
    "slogin",
    "telnet"
  ],
  "Ansi 15 Color" : {
    "Red Component" : 0.37535831332206726,
    "Color Space" : "sRGB",
    "Blue Component" : 0.74784088134765625,
    "Alpha Component" : 1,
    "Green Component" : 0.985595703125
  },
  "Foreground Color" : {
    "Red Component" : 0.958740234375,
    "Color Space" : "sRGB",
    "Blue Component" : 0.958740234375,
    "Alpha Component" : 1,
    "Green Component" : 0.958740234375
  },
  "Working Directory" : "\/Users\/gz",
  "Blinking Cursor" : false,
  "Disable Window Resizing" : true,
  "Sync Title" : false,
  "Prompt Before Closing 2" : false,
  "BM Growl" : true,
  "Mouse Reporting" : true,
  "Command" : "",
  "Description" : "Default",
  "Screen" : -1,
  "Selection Color" : {
    "Red Component" : 0.21960784494876862,
    "Color Space" : "sRGB",
    "Blue Component" : 0.61176472902297974,
    "Alpha Component" : 1,
    "Green Component" : 1
  },
  "Initial Use Transparency" : false,
  "Only The Default BG Color Uses Transparency" : true,
  "Columns" : 112,
  "Idle Code" : 0,
  "Ansi 13 Color" : {
    "Red Component" : 0.68235296010971069,
    "Color Space" : "sRGB",
    "Blue Component" : 1,
    "Alpha Component" : 1,
    "Green Component" : 0.5058823823928833
  },
  "Title Components" : 516,
  "Custom Command" : "No",
  "ASCII Anti Aliased" : true,
  "Non Ascii Font" : "Monaco 12",
  "Vertical Spacing" : 1,
  "Use Bold Font" : true,
  "Option Key Sends" : 0,
  "Selected Text Color" : {
    "Red Component" : 0,
    "Color Space" : "sRGB",
    "Blue Component" : 0,
    "Alpha Component" : 1,
    "Green Component" : 0
  },
  "Background Color" : {
    "Red Component" : 0.10352662030388327,
    "Color Space" : "sRGB",
    "Blue Component" : 0.12137603759765625,
    "Alpha Component" : 1,
    "Green Component" : 0.096386853386374094
  },
  "Character Encoding" : 4,
  "Ansi 11 Color" : {
    "Red Component" : 0.989105224609375,
    "Color Space" : "sRGB",
    "Blue Component" : 0.6808851957321167,
    "Alpha Component" : 1,
    "Green Component" : 0.95934605598449707
  },
  "Use Italic Font" : true,
  "Unlimited Scrollback" : false,
  "Keyboard Map" : {
    "0xf700-0x260000" : {
      "Action" : 10,
      "Text" : "[1;6A"
    },
    "0x37-0x40000" : {
      "Action" : 11,
      "Text" : "0x1f"
    },
    "0x32-0x40000" : {
      "Action" : 11,
      "Text" : "0x00"
    },
    "0xf709-0x20000" : {
      "Action" : 10,
      "Text" : "[17;2~"
    },
    "0xf70c-0x20000" : {
      "Action" : 10,
      "Text" : "[20;2~"
    },
    "0xf729-0x20000" : {
      "Action" : 10,
      "Text" : "[1;2H"
    },
    "0xf72b-0x40000" : {
      "Action" : 10,
      "Text" : "[1;5F"
    },
    "0xf705-0x20000" : {
      "Action" : 10,
      "Text" : "[1;2Q"
    },
    "0xf703-0x260000" : {
      "Action" : 10,
      "Text" : "[1;6C"
    },
    "0xf700-0x220000" : {
      "Action" : 10,
      "Text" : "[1;2A"
    },
    "0xf701-0x280000" : {
      "Action" : 11,
      "Text" : "0x1b 0x1b 0x5b 0x42"
    },
    "0x38-0x40000" : {
      "Action" : 11,
      "Text" : "0x7f"
    },
    "0x33-0x40000" : {
      "Action" : 11,
      "Text" : "0x1b"
    },
    "0xf703-0x220000" : {
      "Action" : 10,
      "Text" : "[1;2C"
    },
    "0xf701-0x240000" : {
      "Action" : 10,
      "Text" : "[1;5B"
    },
    "0xf70d-0x20000" : {
      "Action" : 10,
      "Text" : "[21;2~"
    },
    "0xf702-0x260000" : {
      "Action" : 10,
      "Text" : "[1;6D"
    },
    "0xf729-0x40000" : {
      "Action" : 10,
      "Text" : "[1;5H"
    },
    "0x20-0x20000-0x31" : {
      "Version" : 1,
      "Label" : "",
      "Text" : "0x15",
      "Action" : 11
    },
    "0xf706-0x20000" : {
      "Action" : 10,
      "Text" : "[1;2R"
    },
    "0x34-0x40000" : {
      "Action" : 11,
      "Text" : "0x1c"
    },
    "0xf700-0x280000" : {
      "Action" : 11,
      "Text" : "0x1b 0x1b 0x5b 0x41"
    },
    "0x2d-0x40000" : {
      "Action" : 11,
      "Text" : "0x1f"
    },
    "0xf70e-0x20000" : {
      "Action" : 10,
      "Text" : "[23;2~"
    },
    "0xf702-0x220000" : {
      "Action" : 10,
      "Text" : "[1;2D"
    },
    "0xf703-0x280000" : {
      "Action" : 11,
      "Text" : "0x1b 0x1b 0x5b 0x43"
    },
    "0xf700-0x240000" : {
      "Action" : 10,
      "Text" : "[1;5A"
    },
    "0xf707-0x20000" : {
      "Action" : 10,
      "Text" : "[1;2S"
    },
    "0xf70a-0x20000" : {
      "Action" : 10,
      "Text" : "[18;2~"
    },
    "0x35-0x40000" : {
      "Action" : 11,
      "Text" : "0x1d"
    },
    "0xf70f-0x20000" : {
      "Action" : 10,
      "Text" : "[24;2~"
    },
    "0xf703-0x240000" : {
      "Action" : 10,
      "Text" : "[1;5C"
    },
    "0xf701-0x260000" : {
      "Action" : 10,
      "Text" : "[1;6B"
    },
    "0xf702-0x280000" : {
      "Action" : 11,
      "Text" : "0x1b 0x1b 0x5b 0x44"
    },
    "0xf72b-0x20000" : {
      "Action" : 10,
      "Text" : "[1;2F"
    },
    "0x36-0x40000" : {
      "Action" : 11,
      "Text" : "0x1e"
    },
    "0xf708-0x20000" : {
      "Action" : 10,
      "Text" : "[15;2~"
    },
    "0xf701-0x220000" : {
      "Action" : 10,
      "Text" : "[1;2B"
    },
    "0xf70b-0x20000" : {
      "Action" : 10,
      "Text" : "[19;2~"
    },
    "0xf702-0x240000" : {
      "Action" : 10,
      "Text" : "[1;5D"
    },
    "0xf704-0x20000" : {
      "Action" : 10,
      "Text" : "[1;2P"
    }
  },
  "Window Type" : 0,
  "Blur Radius" : 0.10000000000000001,
  "Background Image Location" : "",
  "Blur" : false,
  "Badge Color" : {
    "Red Component" : 1,
    "Color Space" : "sRGB",
    "Blue Component" : 0,
    "Alpha Component" : 0.5,
    "Green Component" : 0.1491314172744751
  },
  "Allow Title Setting" : false,
  "Scrollback Lines" : 1000,
  "Send Code When Idle" : false,
  "Close Sessions On End" : true,
  "Terminal Type" : "xterm-256color",
  "Visual Bell" : false,